,mean_fit_time,std_fit_time,mean_score_time,std_score_time,param_max_depth,param_max_features,param_n_estimators,params,split0_test_roc_auc,split1_test_roc_auc,split2_test_roc_auc,split3_test_roc_auc,split4_test_roc_auc,split5_test_roc_auc,split6_test_roc_auc,split7_test_roc_auc,split8_test_roc_auc,mean_test_roc_auc,std_test_roc_auc,rank_test_roc_auc,split0_test_average_precision,split1_test_average_precision,split2_test_average_precision,split3_test_average_precision,split4_test_average_precision,split5_test_average_precision,split6_test_average_precision,split7_test_average_precision,split8_test_average_precision,mean_test_average_precision,std_test_average_precision,rank_test_average_precision
0,30.903727584415012,1.3838721130578708,0.036520030763414174,0.008523913503870138,2,auto,100,"{'max_depth': 2, 'max_features': 'auto', 'n_estimators': 100}",0.7480515650531403,0.7396957079492634,0.7108470917153761,0.7163313631047602,0.7310641608447201,0.7483519589921415,0.720546885510561,0.7485874431396402,0.7431508698761522,0.7340696717984172,0.014024573111303857,77,0.3238578712545428,0.3380360528194516,0.3220751398102353,0.3288097606294208,0.3485261195552243,0.36812583845963975,0.33090665922597085,0.3636887268365788,0.36790646188941944,0.34354807005338706,0.017901027324668372,77
1,61.73914941151937,2.6970514901404177,0.05531213018629286,0.014965353547922455,2,auto,200,"{'max_depth': 2, 'max_features': 'auto', 'n_estimators': 200}",0.7618578026693498,0.7633794785718371,0.728968337978603,0.7300664917537105,0.749947585842742,0.7677431743513571,0.7403418601522438,0.7655310218931689,0.7560380031947814,0.7515415284897549,0.014234853435126328,73,0.3476370295331667,0.3715355228141244,0.3426790399352225,0.3493095291219542,0.37469348156471055,0.39610581605723016,0.35654149372283495,0.38850850062093356,0.39166424936445143,0.36874162919273645,0.0193198727187473,73
2,123.22637685139973,5.455516935425727,0.08542394638061523,0.024335183029811518,2,auto,400,"{'max_depth': 2, 'max_features': 'auto', 'n_estimators': 400}",0.7744998240405464,0.7818478454249842,0.7439428136240602,0.7409262319859337,0.7644953339382686,0.7820219418998228,0.7540548277793246,0.7821573744330315,0.7678826886959544,0.7657587646468808,0.015291064286030009,68,0.3676816486939878,0.4011153738869039,0.36205219158468593,0.3672134462972151,0.4028754836677825,0.4199587071047532,0.37924203246283905,0.41401881691802483,0.4139767284557231,0.39201493656354613,0.021644221175168763,68
3,246.75376505321927,10.937314151950748,0.14858900176154244,0.043057132993829225,2,auto,800,"{'max_depth': 2, 'max_features': 'auto', 'n_estimators': 800}",0.7844757279372532,0.7935312950795382,0.7549800688678067,0.7496376487531923,0.7747786772922274,0.7936425198406241,0.7662976856820152,0.7937465685756196,0.7750859182323101,0.7762417900289541,0.015769627832665403,64,0.38759343330976287,0.42170680023271123,0.3779306747579696,0.38071819575298255,0.42348785870528277,0.4383215988854982,0.3996382182847388,0.43149197250027205,0.42722814015033983,0.4097907658421731,0.022047147925320972,64
4,309.06218716833325,13.689226479273245,0.1805590788523356,0.05266313765461724,2,auto,1000,"{'max_depth': 2, 'max_features': 'auto', 'n_estimators': 1000}",0.788408961054876,0.7983080841163015,0.7601868723331922,0.7517623845500848,0.7784933342503499,0.795983076720125,0.770044568689596,0.7959034561142851,0.7785410943797245,0.7797368702453927,0.015659871244494385,60,0.3947277558827311,0.43098369065115955,0.38632068811401044,0.3840791033133534,0.4319359528745775,0.44321226797048774,0.4070542301723493,0.43531498849635286,0.433039210262377,0.41629643197082206,0.02189349496059715,60
5,371.54614628685846,16.096478210529845,0.21153110928005642,0.06174281224141992,2,auto,1200,"{'max_depth': 2, 'max_features': 'auto', 'n_estimators': 1200}",0.7921443278226553,0.805164515554555,0.7680948282396207,0.7537904441299504,0.7852868376311093,0.8013962248419402,0.7831723864976737,0.8054478755963094,0.7824820377091146,0.7863310531136587,0.016323940777027566,58,0.40247395542732745,0.44406060032078054,0.39901024927849066,0.38680539143954684,0.4452657209875682,0.45443452052771577,0.4265705619916611,0.4531727902912056,0.4400425946856429,0.42798182054999323,0.024093673740171954,57
6,462.94299697875977,20.331593060395633,0.258433288998074,0.07636752472998673,2,auto,1500,"{'max_depth': 2, 'max_features': 'auto', 'n_estimators': 1500}",0.8095965995159131,0.8177720693047495,0.7793312138599325,0.7685346930854947,0.7953535912664518,0.8159853438936793,0.799232132632916,0.8208948718759277,0.7979044773725262,0.8005116658675101,0.01680458287801024,49,0.4311181539839288,0.46629772287524296,0.41790696189952237,0.41021210468161734,0.4659406022873956,0.4843965865408878,0.45977329723089044,0.482323028522968,0.4640470810707233,0.45355728212146407,0.02559543198973435,50
7,555.539227326711,24.55068229827207,0.3031305736965603,0.08935071103150219,2,auto,1800,"{'max_depth': 2, 'max_features': 'auto', 'n_estimators': 1800}",0.8183809313477902,0.8256088306459981,0.7912608413919362,0.7795363653736429,0.8023028580598738,0.8250032408589218,0.8063702408179739,0.8263615510419722,0.8061347155107306,0.8089955083387601,0.015506782858619905,45,0.4476735143692129,0.4864616927774061,0.43733132540869774,0.4286518531954376,0.476431049816238,0.5021399852045213,0.4745115916758406,0.4934098708321197,0.4795078668910172,0.4695687500189435,0.024216179485480747,45
8,617.4264852205912,27.18785908272958,0.3339862823486328,0.09825865296916611,2,auto,2000,"{'max_depth': 2, 'max_features': 'auto', 'n_estimators': 2000}",0.8213962247337682,0.8287099778157425,0.794605495873742,0.7831607822202287,0.8062662742722844,0.829305131293334,0.8123722306871619,0.8309651372733261,0.8090723771713485,0.8128726257045485,0.01561928123229971,44,0.45481745735986545,0.49273739896800933,0.4436447885193938,0.43578988435973576,0.48272368500273455,0.5101346385223215,0.4869801995845828,0.5033895470508295,0.4856500758654315,0.47731863058143387,0.02483537394081719,44
9,3.984648095236884,0.1630270662174718,0.03318362765842014,0.009086176101022704,2,sqrt,100,"{'max_depth': 2, 'max_features': 'sqrt', 'n_estimators': 100}",0.7275323278698053,0.7234856651947915,0.6945888991625647,0.7005164038204343,0.7103724936418946,0.7293479620279839,0.6967318901567178,0.733403860345615,0.7236891704930524,0.7155187414125399,0.014252629167282123,80,0.2995035690581688,0.3131793115777701,0.29990220420276936,0.3089972673353786,0.32074154480390005,0.3366356662094492,0.3007453595853787,0.3337022112962795,0.34062253439917234,0.3171144076075852,0.015555431986872521,80
10,7.884230587217543,0.31818942405823614,0.04910416073269314,0.014753975077014205,2,sqrt,200,"{'max_depth': 2, 'max_features': 'sqrt', 'n_estimators': 200}",0.7423218922991737,0.744518391969221,0.7110516504529565,0.7141345538776485,0.7287082507833467,0.7477070423436065,0.7137963481520184,0.7500363899035549,0.7337323468276088,0.7317785407343483,0.014674429131979387,78,0.32252654959808563,0.33854964167556867,0.3171164652213868,0.3297253864786151,0.3456277804526227,0.36234870851847245,0.3203335099322446,0.3588127010642904,0.3567934806765265,0.3390926915130903,0.016610191678606306,78
11,15.724465158250597,0.6431177939569486,0.08128118515014648,0.02241762875370948,2,sqrt,400,"{'max_depth': 2, 'max_features': 'sqrt', 'n_estimators': 400}",0.7554165820600831,0.7625875674646604,0.7262638983633893,0.7260703199694859,0.7474530602102779,0.7625376410773015,0.7318386109711874,0.7668849697525958,0.7471377298337779,0.7473544866336399,0.015083618214602815,74,0.3416316599143852,0.3644245031990073,0.3351282984150149,0.3484648682896262,0.3744531480285888,0.38784493698245,0.34505321903320824,0.3877735676636298,0.3771088957746114,0.3624314552556136,0.019227153304005287,74
12,31.393478843900894,1.2801260982692289,0.1456613540649414,0.04395923972968824,2,sqrt,800,"{'max_depth': 2, 'max_features': 'sqrt', 'n_estimators': 800}",0.7712590860798687,0.7794313231597871,0.7382864312889119,0.739663313538764,0.7626780324964076,0.7766458280865685,0.7492365910662382,0.7811925060416687,0.761223708218876,0.7621796466641212,0.015625377087040534,70,0.3654159086804227,0.3925466324206769,0.3511097880637503,0.36896199172177224,0.3994878689685144,0.4096983851231837,0.3690380573088277,0.4105777292104469,0.400402657578779,0.3852487798973749,0.02058005973119778,70
13,39.23925065994263,1.5667652224770947,0.17800630463494194,0.05228081827475707,2,sqrt,1000,"{'max_depth': 2, 'max_features': 'sqrt', 'n_estimators': 1000}",0.7788945476144353,0.7881754752231065,0.7443092782551719,0.745329078792298,0.7693758592409025,0.7853603977890203,0.7566695033774589,0.7913114972110763,0.76861534965479,0.7697823319064733,0.01682535349257672,65,0.37614728955094257,0.40879898403916726,0.3602335184730122,0.37809408379568604,0.4115356714154649,0.424126484189588,0.3803006218201237,0.4299796611329062,0.4142153915062383,0.3981590784359032,0.023288521483954966,65
14,47.088991244633995,1.9198720366771858,0.20916975869072807,0.06221991744501206,2,sqrt,1200,"{'max_depth': 2, 'max_features': 'sqrt', 'n_estimators': 1200}",0.7870895802275396,0.7950852528999113,0.7491410824996275,0.752003502934819,0.7767468427634444,0.7936867782664287,0.7657094071378735,0.7999895717400697,0.775082910592906,0.7771705476736245,0.017536451427835,62,0.3907815943252668,0.42266642408728533,0.36815427197905315,0.3867055789220283,0.42498482786922004,0.4395397679222526,0.39511055211620894,0.443558056275371,0.42551938131898054,0.41078005053507405,0.0247292832807647,63
15,58.887990183300445,2.430892762430338,0.2581586043039958,0.07552290169634257,2,sqrt,1500,"{'max_depth': 2, 'max_features': 'sqrt', 'n_estimators': 1500}",0.8001269636233578,0.8052128448124078,0.7598787223729095,0.7627592580951197,0.7872195056836543,0.8051560209448002,0.7800874635112429,0.8124341557124519,0.7862459981686818,0.788791214769403,0.017711463145444237,55,0.4126572052338707,0.445375759305209,0.38434172894929913,0.4036912157392005,0.44261510678488136,0.4618811055500272,0.41690544121160616,0.46672940629123216,0.4463698168715251,0.43117408732631685,0.026385272598230314,56
16,70.60648083686829,2.872105995205821,0.3047000567118327,0.09062292275828163,2,sqrt,1800,"{'max_depth': 2, 'max_features': 'sqrt', 'n_estimators': 1800}",0.8081525235966186,0.8140882102170722,0.7732226389997179,0.769988416941527,0.7949801288408392,0.8141966467532304,0.7914748497429753,0.8187662169434154,0.7958120292208877,0.7978535179173649,0.016701061476440803,52,0.4270270707236762,0.46539175811049627,0.40827937875535436,0.41602868443981617,0.458531201874603,0.4801394885193088,0.4391108729909695,0.4784755222566945,0.46255691324887294,0.44839343232442125,0.02517575415776642,52
17,78.42291363080342,3.2609074113714307,0.33619970745510525,0.09972090270459645,2,sqrt,2000,"{'max_depth': 2, 'max_features': 'sqrt', 'n_estimators': 2000}",0.8132220981943453,0.8190823918553445,0.7790388664617158,0.7750171675034876,0.7987410988373855,0.8206086076070811,0.7972654942290665,0.8231220320790716,0.8000641629739538,0.8029068799712724,0.01664943303551849,47,0.43705934792971773,0.4757095811701573,0.41778571776817336,0.4251184225834858,0.46537160895588053,0.49115369074694165,0.4510412581284739,0.48707720204182997,0.46997539381077874,0.4578102470150488,0.025035593329173884,47
18,2.978044589360555,0.12092540542866359,0.032659980985853404,0.009363080090924875,2,log2,100,"{'max_depth': 2, 'max_features': 'log2', 'n_estimators': 100}",0.7242510380569865,0.7190032155877649,0.6912714468009562,0.6928989897427604,0.7092454968196531,0.7253075389516979,0.6953515748437984,0.7246861802301265,0.7187299741343012,0.7111939394631162,0.013564195237199837,81,0.29929017896887483,0.3066657218844875,0.2963840263476202,0.3037079169914756,0.3201288708196014,0.3315422252139768,0.2975394795283719,0.32437260538844503,0.3357979824103476,0.31282544528368894,0.014426011223823728,81
19,5.881767219967312,0.24314698705112897,0.04870295524597168,0.01365848102683778,2,log2,200,"{'max_depth': 2, 'max_features': 'log2', 'n_estimators': 200}",0.7389659485282087,0.743132191296346,0.7090892376309266,0.7105462752580459,0.7327876344742055,0.7446640614158471,0.7131477634308347,0.7473590340887828,0.7349668157119083,0.7305176624261228,0.014525636740005272,79,0.31955206620984933,0.3325496225114794,0.3115704650847958,0.323871147412247,0.3498377775377645,0.3589732373004907,0.3168788594877131,0.35605854200876697,0.3574762666197089,0.3363075537969795,0.018177967241150273,79
20,11.728402296702066,0.4760399527142604,0.08088376786973742,0.02444292873960839,2,log2,400,"{'max_depth': 2, 'max_features': 'log2', 'n_estimators': 400}",0.7505726744420951,0.7600414942895923,0.7217256277145575,0.7220590506011588,0.7456059927038015,0.7589519661877048,0.7276487004840139,0.7618891792087386,0.7454490405630301,0.7437715251327437,0.015250649003797145,76,0.3371813704092325,0.3576445195273532,0.3281610536902246,0.34147025946685916,0.37047725599215386,0.38015890551267206,0.33640066857510537,0.3789066032530146,0.37446997200701704,0.3560967342704036,0.019396766985889748,76
21,23.410703076256645,0.9495710542603126,0.14497791396247017,0.044506780470134934,2,log2,800,"{'max_depth': 2, 'max_features': 'log2', 'n_estimators': 800}",0.7630788063343625,0.7766476410290344,0.734576025904943,0.7327163577008218,0.7577341849755697,0.7726215093665108,0.7405570382236351,0.7748830272620876,0.7556284963808073,0.7564936763530858,0.016158346896838892,72,0.3545471939692415,0.3835414538660155,0.3444899167808498,0.3576950948921901,0.39268868916001676,0.4021429347793218,0.35612232633081214,0.4015042865604947,0.39171607504045036,0.37604977459771033,0.021342654093482075,72
22,29.234917163848877,1.1857185690850074,0.17739015155368382,0.051979154727377616,2,log2,1000,"{'max_depth': 2, 'max_features': 'log2', 'n_estimators': 1000}",0.7688352418280419,0.7824918298172462,0.7392801430353023,0.7401143215645881,0.7632538486966901,0.7790721892044847,0.7468764372581104,0.781836987039526,0.7622624131961849,0.7626692679600193,0.01623818548650828,69,0.3648813036428097,0.3938658003583865,0.35052493808193025,0.36788439764996006,0.4014010937373249,0.41303089584655445,0.36527279711530247,0.41458679364157724,0.4035786184016112,0.38611407094171746,0.022652202889430456,69
23,35.12025136417813,1.4233053344921307,0.20844361517164442,0.061380738347616176,2,log2,1200,"{'max_depth': 2, 'max_features': 'log2', 'n_estimators': 1200}",0.7757824339014077,0.7881918620476365,0.7427152903057312,0.7442938053357373,0.7687661171222537,0.7836700400153277,0.7536805540346474,0.788488472775883,0.7669175706293986,0.7680562384631135,0.01680503267077851,66,0.37509949783786234,0.4026981022794871,0.356122979633386,0.37394506487127416,0.40897952175640007,0.4215633644137388,0.37474283669013814,0.4262818088632669,0.4121787999609735,0.39462355292294743,0.023555615315413145,67
24,43.839554919136894,1.7868848695087989,0.2563898033565945,0.07518136528687977,2,log2,1500,"{'max_depth': 2, 'max_features': 'log2', 'n_estimators': 1500}",0.7870115160587929,0.7971147551806931,0.7544732408943767,0.752746606762603,0.7770360912609053,0.795165837749182,0.7665313232317228,0.7987685387755042,0.7752952499348345,0.7782381288720682,0.016676952597200142,61,0.39171995281207084,0.4207232044210548,0.3726810144041257,0.3859156630938143,0.4241519484422894,0.4422911860137097,0.39695584928938665,0.4450155370283722,0.42757071105233074,0.411891674061906,0.024353118117655215,61
25,52.59569369422065,2.129428656249022,0.3041182888878716,0.09084428313868576,2,log2,1800,"{'max_depth': 2, 'max_features': 'log2', 'n_estimators': 1800}",0.7959820750434635,0.8048210750237809,0.7631359802423743,0.7615363906962411,0.7853411006122565,0.8028857350239481,0.7750648428284928,0.8058194959044553,0.7829079862851644,0.7863882979622419,0.016266059120785586,57,0.4055540847561911,0.438280159164328,0.38451000244109507,0.3993049760386658,0.4387801748420256,0.4587420613310712,0.4110191666721971,0.4570082365727305,0.44235764075603523,0.4261729447304822,0.02514733636198183,58
26,58.46013651953803,2.3704664376481057,0.33731966548495823,0.10053220972192797,2,log2,2000,"{'max_depth': 2, 'max_features': 'log2', 'n_estimators': 2000}",0.8006684457587099,0.8086986073781857,0.7677591142684067,0.7658313396093757,0.7894339344969091,0.8069612221950009,0.780743087863988,0.8109049077135331,0.7879330833650805,0.7909926380721323,0.016153252319909134,53,0.4136106133108439,0.4485209974297504,0.3931074088744996,0.4056670646496849,0.4470754862464508,0.466676984019184,0.4222788930794391,0.46560987526728165,0.45124065378386435,0.4348653307401109,0.025314398284928125,53
27,58.66840296321445,2.6515660835865322,0.05451361338297526,0.01482299058356299,4,auto,100,"{'max_depth': 4, 'max_features': 'auto', 'n_estimators': 100}",0.7945805526216623,0.7923047472007252,0.7596154368111635,0.7632773008708943,0.7779180726972343,0.7938967345276825,0.7751853769644483,0.7992513635767404,0.787240056409948,0.7825855157422777,0.013510004684970869,59,0.4078891039823327,0.42993168052623937,0.38644691487628685,0.39758034512607265,0.4327727525046483,0.4402104994121611,0.4152013842881868,0.4460150170853031,0.4476997894362311,0.4226386096930514,0.020682240989002527,59
28,117.48572887314691,5.370503951432614,0.08433302243550618,0.023965763462658298,4,auto,200,"{'max_depth': 4, 'max_features': 'auto', 'n_estimators': 200}",0.8127637955436406,0.8174358128528455,0.778261505059333,0.7797683292330535,0.7954851350861663,0.8143257671412882,0.7988241468748729,0.8206973889744588,0.8008853822041317,0.8020496958855322,0.014784201341575614,48,0.440378264706362,0.4761387900366465,0.41589722992525247,0.4256279554515736,0.4652395448395112,0.47577403153423337,0.45630635238525463,0.4781187901265392,0.47313985132632663,0.4562912011479667,0.022208682727357158,48
29,234.92720158894858,10.707188887502427,0.14250930150349936,0.041298772851876754,4,auto,400,"{'max_depth': 4, 'max_features': 'auto', 'n_estimators': 400}",0.8339105856124847,0.8369546582799373,0.7969407164672548,0.7950414365930814,0.8150520702760147,0.8331927914160355,0.8213476044915978,0.8422780188631598,0.8159074716446441,0.8211805948493568,0.01611240978128509,39,0.4798526263834727,0.5147553588220218,0.44538129264142867,0.452370017831158,0.5013203471682561,0.5143490539940543,0.5074018469683478,0.5182208800928265,0.5028083535302246,0.4929399752701989,0.025882584141308288,39
30,469.40814113616943,21.20871914455945,0.25951189464992946,0.07635122641623547,4,auto,800,"{'max_depth': 4, 'max_features': 'auto', 'n_estimators': 800}",0.8482256859583022,0.8533933150483684,0.8127099644804244,0.8102196395796936,0.8289055850011573,0.847876937591051,0.8387275161989743,0.8575788923298513,0.8291061295691056,0.8363048517507699,0.016228291109978137,10,0.5141043547371302,0.554837486768108,0.47536942252437975,0.4784772956193106,0.5300655344527915,0.5472869134784806,0.5531518392334993,0.5520038502034809,0.5303381934794826,0.5261816544996293,0.02924337839377648,9
31,587.66848871443,26.610194310185527,0.31808267699347603,0.09321421644393213,4,auto,1000,"{'max_depth': 4, 'max_features': 'auto', 'n_estimators': 1000}",0.8507498348827922,0.8555868043195551,0.8159315560075169,0.8136509992994942,0.8320910161210048,0.8511883530097729,0.8416044571818322,0.8616262744187516,0.8321850834452844,0.8394015976317782,0.016151775624437155,7,0.5189480447650339,0.5597820605254109,0.48198846475012536,0.4847917647966671,0.5359567803309553,0.553886241510213,0.5591990963132953,0.5582157403081751,0.536306264909111,0.532119384245443,0.029082455103907414,7
32,705.8995495107439,32.2080348858281,0.37705736690097386,0.11121968129093332,4,auto,1200,"{'max_depth': 4, 'max_features': 'auto', 'n_estimators': 1200}",0.8524881526689013,0.8571766825342783,0.8171351241697372,0.8157631476240667,0.8337996067181822,0.851555012652199,0.8439929259524621,0.8629045901421332,0.8330183332330787,0.8408703972994487,0.01604047723378534,5,0.5235031653980812,0.5631780067634503,0.48309371540113566,0.4889892027885938,0.5392633605016176,0.5552046916599984,0.5640034565370246,0.5604898060800383,0.5379300318095008,0.5350728263266045,0.029180105433873633,4
33,879.3602961434258,39.502814385788376,0.46632247500949436,0.13987104789332813,4,auto,1500,"{'max_depth': 4, 'max_features': 'auto', 'n_estimators': 1500}",0.8536570394197361,0.8584233873947144,0.8178238022371683,0.8167461147806936,0.835408453266539,0.8520322898053144,0.8454747683961216,0.8636994996978711,0.8343741102400096,0.8419599405820186,0.01603135420885587,1,0.5264843241484469,0.566563028022413,0.4848862901265541,0.4920029175065841,0.5422250027559219,0.556203199805487,0.5660378943500952,0.5615582396576324,0.5413416546584848,0.5374780612257355,0.02902927892940985,1
34,1057.7107673486073,48.007527435367166,0.5551828278435601,0.16654715401258163,4,auto,1800,"{'max_depth': 4, 'max_features': 'auto', 'n_estimators': 1800}",0.8528008541539664,0.8588388171455701,0.8172941550424347,0.817214324454908,0.8350186287495073,0.8518926330565326,0.8457725448111659,0.8635244539061827,0.8350002339275093,0.8419285161386418,0.015979157882965854,3,0.5242307810244025,0.5654861508830575,0.4825676004718679,0.4929976763190349,0.54197970611144,0.5556326802594096,0.5659387280412884,0.561903667330008,0.5425580387281033,0.5370327810187346,0.029314583685669627,2
35,1176.1759428977966,53.55083953595103,0.6129365497165256,0.18210225443366088,4,auto,2000,"{'max_depth': 4, 'max_features': 'auto', 'n_estimators': 2000}",0.85271381964864,0.8586046517979389,0.8174616903473889,0.8176008816693807,0.8351448109799433,0.8513802347010044,0.845751973443381,0.8635141709878542,0.8353671659348078,0.8419488221678155,0.015789716067661382,2,0.5232571581032117,0.5645207541571508,0.48236328411364476,0.4938881719225704,0.5416741563175711,0.5547115165526411,0.5645754868297749,0.5603437383461928,0.5442975963360859,0.5366257625198715,0.028834654371690062,3
36,6.979423496458265,0.29670895756519533,0.047908782958984375,0.012851640859046337,4,sqrt,100,"{'max_depth': 4, 'max_features': 'sqrt', 'n_estimators': 100}",0.7687313786747522,0.7684009122117732,0.7347474213777302,0.7377065706642425,0.752067909520038,0.77001051922843,0.7409589229676584,0.7762372476370181,0.7610200576130036,0.7566534377660719,0.014798973712992209,71,0.36350222432648627,0.37899457671887177,0.3529383597462178,0.36361720386470253,0.38283392275072686,0.3976555531176714,0.3627751224824275,0.404919650557683,0.40041688474730064,0.3786281664791209,0.01798537295182936,71
37,13.889711538950602,0.5874418528226225,0.0779226885901557,0.021978824257223802,4,sqrt,200,"{'max_depth': 4, 'max_features': 'sqrt', 'n_estimators': 200}",0.7872892999527092,0.7937013083840367,0.7547184821820082,0.755208731113762,0.7732054206037372,0.7906272075674484,0.7625001173271926,0.7969457370763158,0.7794153817362768,0.7770679651048318,0.015528110605384745,63,0.3951897655919757,0.42041968139199226,0.377236879771371,0.38861588619010845,0.41772621290398243,0.43333991879188616,0.3953343564213805,0.43811306157053376,0.4313154281860645,0.41081013231325497,0.020861786785744928,62
38,27.73785988489787,1.1622676379144372,0.13843107223510742,0.0394447981889586,4,sqrt,400,"{'max_depth': 4, 'max_features': 'sqrt', 'n_estimators': 400}",0.8091263611281067,0.8156373291744048,0.7770242006386568,0.7740210960868207,0.7962748602104258,0.8158605351329095,0.7902454171998535,0.8201331183731043,0.7999701241152528,0.799810338006615,0.015972935671453595,50,0.43369622912340877,0.4655746020087259,0.412256260050325,0.4197747877945801,0.4613262301010975,0.4766252067341162,0.4419707421096455,0.4802568602202898,0.47062716584164044,0.4513453426648699,0.02374132981874207,51
39,55.43844109111362,2.3172164028054136,0.261138121287028,0.07747475043071014,4,sqrt,800,"{'max_depth': 4, 'max_features': 'sqrt', 'n_estimators': 800}",0.8360565718353821,0.8426451612156282,0.8030537144364447,0.7995237948814908,0.8180155500879671,0.8381039633277539,0.8226708987888705,0.8479127855917057,0.8216253283339683,0.8255119742776901,0.016070062482594037,21,0.48783184176374994,0.5219946041649185,0.4578286356658204,0.46248367228321585,0.5048405153604157,0.5225422679347619,0.5121789054488741,0.5350245293752147,0.5116109187902353,0.5018150989763562,0.025450421318027015,29
40,69.30790967411465,2.9094108426784664,0.32163665029737687,0.09538306656297954,4,sqrt,1000,"{'max_depth': 4, 'max_features': 'sqrt', 'n_estimators': 1000}",0.8426228582116724,0.8485863647548616,0.8087162589665968,0.8057490566686157,0.8221400913023189,0.8431828318425382,0.82880632878521,0.8538761515142597,0.8273168514693988,0.8312218659461635,0.01614764774689721,14,0.5040941796233892,0.5373639175987587,0.46876415835875856,0.47211284737246423,0.5148569615388618,0.533103427883166,0.5278449505569109,0.5465208237520461,0.5217611127583304,0.5140469310491873,0.026076788037272834,14
41,83.24433599578009,3.506358830881734,0.379227426317003,0.11264095897516396,4,sqrt,1200,"{'max_depth': 4, 'max_features': 'sqrt', 'n_estimators': 1200}",0.8459951116855091,0.8523862971829594,0.8116448999442486,0.8093171067403256,0.8252597967329062,0.8470310305817157,0.8342811284685829,0.8571029712547014,0.8304792172117177,0.8348330622002963,0.016251870147355036,12,0.5106583567857446,0.5459040558809487,0.4757658976743574,0.4780247784565888,0.5213569761939381,0.5405437454851847,0.5383374178560973,0.5533495710523065,0.5286260087700129,0.5213963120172421,0.026679296861481346,12
42,104.00527845488654,4.338119559496669,0.46787781185574,0.13969210895591525,4,sqrt,1500,"{'max_depth': 4, 'max_features': 'sqrt', 'n_estimators': 1500}",0.8499747533213041,0.8562336385943441,0.8156081865313517,0.8127788092819651,0.829638089026047,0.8497957830571894,0.8382896511158597,0.8599255414973892,0.8337004658499254,0.8384383242528195,0.016055439460710585,8,0.5190323373140968,0.5571298018029187,0.48295993935306414,0.4848065766749763,0.5296412090091688,0.5464035466018055,0.5463035282998241,0.5593592385856545,0.5361504720552932,0.5290874055218668,0.02695435737599176,8
43,124.64317059516907,5.211395568330392,0.5558716191185845,0.166116415696747,4,sqrt,1800,"{'max_depth': 4, 'max_features': 'sqrt', 'n_estimators': 1800}",0.8520729224607813,0.8578513328499813,0.8167687902213906,0.8145034406434419,0.8324043917702192,0.8510855878004363,0.8408315056363983,0.8618326958287323,0.8348405616933678,0.8402434698783054,0.016118371242174676,6,0.5243976009233324,0.5618808376841334,0.48518732173294554,0.4878181848222114,0.5336749660685977,0.5490542375880543,0.5515257451764369,0.5632599988601432,0.5372362496954979,0.5326705713945947,0.027425832657781878,6
44,138.30370291074118,5.865554703008152,0.6140311029222276,0.1830967809804644,4,sqrt,2000,"{'max_depth': 4, 'max_features': 'sqrt', 'n_estimators': 2000}",0.852844890351721,0.8579415791300016,0.8169011417049516,0.8155785436678424,0.8331128610845497,0.8518706466127457,0.8420580441087671,0.862579024954063,0.83619085811294,0.8410086210808425,0.016071378334627313,4,0.5256118725325997,0.5618996282629167,0.4849587857449041,0.49086634022231124,0.5352511383217365,0.5513241608253927,0.5542227266488906,0.5633787638147483,0.5400267322262654,0.5341711276221962,0.027333584373261867,5
45,5.019958416620891,0.2047121671186627,0.04744619793362088,0.014795882728547134,4,log2,100,"{'max_depth': 4, 'max_features': 'log2', 'n_estimators': 100}",0.753038404976298,0.7590942348984205,0.7261833475174396,0.7279750149379336,0.7442767807686819,0.7635331415658575,0.7303688141193108,0.7647157826808768,0.7535856408611205,0.746974573591771,0.01450129024708426,75,0.3377778465481903,0.36231016869634425,0.3355107933428907,0.34741561670272675,0.3701480909713738,0.3865633398627192,0.3424228745792125,0.3877745509834094,0.3859240690953907,0.3617608167535842,0.02052201474359673,75
46,9.964313321643406,0.4063460593112007,0.07733877499898274,0.023451288934603035,4,log2,200,"{'max_depth': 4, 'max_features': 'log2', 'n_estimators': 200}",0.7742075096840714,0.7820805561450755,0.7456309233219881,0.7452950077161944,0.7668578535450459,0.7834568000644173,0.7539909235683736,0.7876025067066067,0.7689006075431596,0.7675580764772146,0.015174798510906296,67,0.3706561653985877,0.40044070524386305,0.3615014348662065,0.37470552236590027,0.4083610504035892,0.4224302861399553,0.37836656308186745,0.42519319363690095,0.41397571442014747,0.3950700706174465,0.022694872708168133,66
47,19.885796361499363,0.8128648409895854,0.1372216542561849,0.04154752340596248,4,log2,400,"{'max_depth': 4, 'max_features': 'log2', 'n_estimators': 400}",0.7979840910710085,0.807811225206356,0.7674230987215808,0.7638362806167656,0.7862964803569856,0.8040113267305473,0.7767688247569763,0.8110888556783329,0.7876943436328273,0.7892127251968201,0.01634631164735913,54,0.4051575370656716,0.4469530929673248,0.3944028626969594,0.40463699962430205,0.44275628752414986,0.4571209922047502,0.4188607589827564,0.466438101739894,0.4459433439296678,0.4313633307483862,0.024500667826593454,54
48,39.73442726665073,1.630200039038734,0.25737643241882324,0.07776603617487984,4,log2,800,"{'max_depth': 4, 'max_features': 'log2', 'n_estimators': 800}",0.8250258008379183,0.8326058859751906,0.7925028906022404,0.7891220023959018,0.8101944703896063,0.8299247207007794,0.8096221595086649,0.8379652793447419,0.8129802364672936,0.8155492718024819,0.016295208465276732,42,0.458825628265477,0.5021713999729318,0.4374822628499607,0.44460468162566447,0.4852231143554529,0.5088020365162952,0.4831202164948512,0.5176428882476278,0.4986090194230388,0.4818312497501444,0.02708051138325323,43
49,49.65834516949124,2.0390068331482065,0.3169680701361762,0.09525268141488687,4,log2,1000,"{'max_depth': 4, 'max_features': 'log2', 'n_estimators': 1000}",0.8322355791275244,0.8393821347810974,0.8006209642900297,0.7960931734298614,0.8168800948964325,0.8364510396161452,0.8185800124523261,0.8448821951814172,0.8193227464426309,0.8227164378019406,0.016013944632882103,36,0.47387517730119755,0.5182569723797787,0.45220738042556763,0.4553208288819961,0.4966916940283295,0.5213525933428975,0.5028602010208593,0.5304867637301058,0.5102621124231881,0.4957015248371023,0.027161465382319026,38
50,59.56457919544644,2.4450828830764677,0.37688202328152126,0.11198342479109961,4,log2,1200,"{'max_depth': 4, 'max_features': 'log2', 'n_estimators': 1200}",0.8371310105795853,0.8438234392091409,0.8060681838332553,0.8009776663911572,0.821489582616914,0.8408403904107126,0.8243369449250513,0.8504807900188108,0.8239864589390384,0.8276816074359629,0.015938175194681877,15,0.4854746101148207,0.5282334060258156,0.46236867818381266,0.46402558214293965,0.5074134277003103,0.5304357111468839,0.5156191380176564,0.5410897821997763,0.5191071089318983,0.5059741604959904,0.027235337859511283,21
51,74.44963955879211,3.054817631870485,0.4656631151835124,0.13812258038812322,4,log2,1500,"{'max_depth': 4, 'max_features': 'log2', 'n_estimators': 1500}",0.8435985491184865,0.8490150642712334,0.8105688781608389,0.8056172019732285,0.8257176579690595,0.8452902182026053,0.8314171716950495,0.8555876578818569,0.828155314498827,0.8327741904190206,0.016198717550831312,13,0.5002083928175248,0.5382611181189659,0.4717984992270821,0.47161157319872116,0.5141582429973364,0.5368380983024019,0.5311948100842625,0.5513551554930172,0.5273194640088095,0.5158605949164579,0.027316011556886143,13
52,89.34899202982585,3.7091297453153302,0.5534641477796767,0.1651307992136323,4,log2,1800,"{'max_depth': 4, 'max_features': 'log2', 'n_estimators': 1800}",0.8463049960400783,0.8517282711819968,0.8127895000218139,0.8090141953096568,0.8282625640525036,0.8476501916818143,0.8344205913916257,0.859555756126966,0.830989045508926,0.8356350123683758,0.016321104954708784,11,0.5055001386050081,0.5455724546386593,0.4758288094709111,0.47647269361166444,0.5184660665574061,0.5420968576576599,0.5374076208437695,0.5600879242914127,0.5333325365427822,0.5216405669132526,0.02840997729862978,11
53,99.32733082771301,4.178344165120623,0.6136849721272787,0.18450597082812203,4,log2,2000,"{'max_depth': 4, 'max_features': 'log2', 'n_estimators': 2000}",0.8477339484167096,0.8527226723799686,0.8143518627420824,0.8111405922099344,0.829825559768409,0.8491423288155476,0.8358684089494053,0.8609002386145747,0.8319541635754817,0.8370710861635682,0.016127591263858862,9,0.508839060761993,0.5490720166612609,0.4782116935612153,0.48041149100874214,0.5211197310887381,0.5458906840452522,0.5399626869473558,0.5619064753256223,0.5353501256581565,0.5245293294509263,0.028206573523172115,10
54,107.53857360945807,4.868809427947364,0.09133553504943848,0.02527949346815803,8,auto,100,"{'max_depth': 8, 'max_features': 'auto', 'n_estimators': 100}",0.8291442973531651,0.8281102556614772,0.7879713149319938,0.7907281786292997,0.8063593625551041,0.825179046747748,0.8161314721590394,0.8353468777172067,0.8127271937387632,0.8146331110548664,0.015948230592666878,43,0.4710814615197051,0.5052163798968962,0.4334106061079911,0.4501055442822719,0.49229987812400805,0.49102674451938283,0.504241036463877,0.508980099065566,0.49799649246097566,0.4838175824934081,0.025105808652623796,42
55,215.1671494377984,9.699587884658454,0.1575655142466227,0.0444718578445042,8,auto,200,"{'max_depth': 8, 'max_features': 'auto', 'n_estimators': 200}",0.8377856968798724,0.8392724736763624,0.7991992162250897,0.799759745389026,0.8181286981099843,0.8347049162259383,0.8283587646541665,0.8447096201969596,0.823737092214224,0.8250729137301804,0.015679520085720187,23,0.4925809081775707,0.5275885551315489,0.4553263437316865,0.46844692059268067,0.5112326663201199,0.5144044166903917,0.5344728396269356,0.5295461519710606,0.521162769499632,0.506084619082403,0.026493552615608762,20
56,430.9530933962928,19.123008851056312,0.2894056373172336,0.08420767916533874,8,auto,400,"{'max_depth': 8, 'max_features': 'auto', 'n_estimators': 400}",0.836730088428985,0.8412040706178329,0.800996104246245,0.8003980520498993,0.8200430628060266,0.833447862717787,0.8297325096442952,0.8462138331049652,0.8243549950206859,0.8259022865151915,0.015431064086741953,19,0.4902606906533896,0.5277278420795374,0.4574804815517872,0.4677752383861889,0.5141382540984005,0.5107308018003941,0.5411742722223349,0.529357152442855,0.5247865228020312,0.5070479173374355,0.02738521291044078,18
57,860.2663130760193,38.62662426118085,0.5527666939629449,0.1612714574399631,8,auto,800,"{'max_depth': 8, 'max_features': 'auto', 'n_estimators': 800}",0.834074646396375,0.8382417661624482,0.8011802463148968,0.7999503662308459,0.818402601369165,0.8321171688998611,0.8292726652670837,0.8451177394148619,0.823234950106604,0.8246213500180156,0.01480068423435785,26,0.48887631881643523,0.5199098575673324,0.4573408734618307,0.4693789228068529,0.5155036738314102,0.5064025506716282,0.5387899716578647,0.5241314837166615,0.5257641435022525,0.5051219773369188,0.025977803229547326,24
58,1071.9615450170304,48.139951163506524,0.6841653188069662,0.2005985398435088,8,auto,1000,"{'max_depth': 8, 'max_features': 'auto', 'n_estimators': 1000}",0.8333872665553307,0.8368702008238001,0.8007201223512362,0.800531161801178,0.8172922901825234,0.832791467432366,0.8291189666446614,0.8453879112849397,0.8227088805566138,0.824312029736961,0.014731758882795678,28,0.48578235275183146,0.5164088341459153,0.4569817282909539,0.47056677041462136,0.5107827165198515,0.5074951958955607,0.5377868535000788,0.5260600226314536,0.5226708312644961,0.5038372561571959,0.025493223123212026,26
59,1286.6537941826714,57.274943009036996,0.8150792121887207,0.2355630511637643,8,auto,1200,"{'max_depth': 8, 'max_features': 'auto', 'n_estimators': 1200}",0.833420182501127,0.8366962986171034,0.8000742881257418,0.7999064392746559,0.8166045276957516,0.8330342605901846,0.8287490731151778,0.8455317086322374,0.8225220727314044,0.8240598723648204,0.01500927952911072,30,0.48618829621067206,0.5157910793713766,0.4571565451359782,0.47106209729911286,0.5098047228504654,0.508061571999997,0.5381933480103416,0.5253458833121047,0.5228134701269707,0.503824112701891,0.02530742585511109,27
60,1609.3665306568146,72.93670498601512,1.013620376586914,0.29213157765937897,8,auto,1500,"{'max_depth': 8, 'max_features': 'auto', 'n_estimators': 1500}",0.8329702571068975,0.8361915131745172,0.7998606720672828,0.7995019052302129,0.815345848392004,0.8320598899307228,0.8283866885260264,0.8451091642603548,0.8222017925530848,0.8235141923601226,0.014973190087772174,32,0.4872597402725908,0.5157800706339668,0.45663664353185635,0.47150091431522156,0.5059917110781837,0.5064965461397772,0.5355238756371914,0.5239215228775473,0.5221944752893565,0.5028117221972991,0.024580111256826246,28
61,1932.7472440136803,86.86194171549056,1.2017903063032362,0.34395426083347447,8,auto,1800,"{'max_depth': 8, 'max_features': 'auto', 'n_estimators': 1800}",0.8315936440494828,0.8347140865745033,0.79968509474601,0.7992119134925411,0.8150646422784609,0.8309854952289417,0.827499851385556,0.8444407018981976,0.8212032562709283,0.8227109651027358,0.014642765460929793,37,0.48305854763248424,0.5130697870057225,0.4561151950497012,0.4699834533607569,0.5033406369964383,0.5060705641630576,0.5341339739712511,0.5242805212320011,0.5238037989166986,0.5015396087031235,0.025017043305565534,30
62,2147.975920173857,96.69964923759287,1.337873273425632,0.38858050138742783,8,auto,2000,"{'max_depth': 8, 'max_features': 'auto', 'n_estimators': 2000}",0.831723825132407,0.8348868013301469,0.7995397353010538,0.7989628218115573,0.8142235198500825,0.8306088703022537,0.8266556431250957,0.8444239512785884,0.8216593480774501,0.8225205018009595,0.014729298590926613,38,0.4821849936912921,0.5135714531267567,0.45704161470046545,0.46936400219305185,0.5018876032448532,0.5057437155040229,0.5324706428296778,0.5247535393697517,0.5243245381683654,0.501260233647582,0.02486981469642562,31
63,13.280219819810656,0.5567797639206583,0.08435135417514378,0.02329968528656014,8,sqrt,100,"{'max_depth': 8, 'max_features': 'sqrt', 'n_estimators': 100}",0.8063961910023373,0.8159316092315888,0.7745735570059332,0.7789176966461253,0.7942308929597526,0.8076394040474474,0.790363213701313,0.818740109958189,0.794539062552216,0.7979257485672115,0.014577366697445332,51,0.4315377231251242,0.48309253649928435,0.41262208945043244,0.42627357804749844,0.4646199360921632,0.4661784480337503,0.45022093159716886,0.4758726476276144,0.471970707285159,0.45359873308424387,0.023350242476826044,49
64,26.471730179256863,1.0819391579419355,0.15283173984951443,0.043645476730387725,8,sqrt,200,"{'max_depth': 8, 'max_features': 'sqrt', 'n_estimators': 200}",0.8249240876000072,0.8351186511482251,0.7929709158469338,0.7933922193252989,0.8096822537311115,0.8277637102609305,0.8128969961109945,0.8335032558335577,0.81197742265354,0.8158032791678445,0.014894953869056439,41,0.46881065027576174,0.5186140939853995,0.438910956660899,0.4542898184335714,0.4893409379976194,0.5043263822883995,0.4970763861205829,0.5043005528047239,0.5036308641534076,0.48658896030226273,0.02515376425903202,41
65,52.84025997585721,2.1644949697413245,0.28457125027974445,0.0822385760364718,8,sqrt,400,"{'max_depth': 8, 'max_features': 'sqrt', 'n_estimators': 400}",0.8338563929179416,0.8419682844292007,0.7999616797922425,0.8017140150651741,0.8176715764033867,0.8371040369966175,0.8236462006326282,0.8441213500636053,0.8207109391186947,0.8245282750466102,0.015346293702266282,27,0.4867098811362801,0.537569950509002,0.4515359231804969,0.47281891213967714,0.5047099813956494,0.52066915417105,0.5248481995747922,0.5291116155899603,0.5161905517648195,0.5049071299401919,0.027152733464521725,25
66,105.5952234533098,4.339112446545649,0.5522001849280463,0.15971106600630908,8,sqrt,800,"{'max_depth': 8, 'max_features': 'sqrt', 'n_estimators': 800}",0.835967090874625,0.8410448631179158,0.8001708124266041,0.8012248754883043,0.8171235850026365,0.8365155141487048,0.8238392429736655,0.8451929536938024,0.8244892694109706,0.8250631341263588,0.015504237784030253,24,0.49203246868291384,0.5309961910818428,0.45406600313554496,0.47229734149887403,0.5062248797409303,0.516581510816062,0.5246740803923802,0.5315534705235266,0.5190567869329408,0.5052758592005573,0.025674005579219443,22
67,131.84489210446677,5.400959522659069,0.6853470537397597,0.19956295139347774,8,sqrt,1000,"{'max_depth': 8, 'max_features': 'sqrt', 'n_estimators': 1000}",0.8363895863140242,0.8405843992858789,0.8006582792457474,0.8008856781770182,0.8173354602203354,0.8359003505838399,0.8231683660858711,0.8463421879070699,0.8253025351058356,0.8251740936584023,0.015573629756670263,22,0.4944655834487946,0.5275117065970678,0.454135854033495,0.47375213076551437,0.5042131752328075,0.5147601345548338,0.5248029684796278,0.5318433766289832,0.5206377765466979,0.5051247451430912,0.025020758703625474,23
68,158.02906256251865,6.428843424904237,0.8161191675398085,0.2325033583905187,8,sqrt,1200,"{'max_depth': 8, 'max_features': 'sqrt', 'n_estimators': 1200}",0.8370577651866872,0.8405425119499879,0.8001060339851589,0.8007964953819295,0.8180764688351154,0.8356887953084926,0.8256821402982927,0.8466550538726816,0.8267415903060441,0.8257052061249323,0.015714919156993003,20,0.4944534440196832,0.5282306325528944,0.45345794284492047,0.4730717110687633,0.5051389528023189,0.5147154033673275,0.5308390786568247,0.5324762646190777,0.5241692777309023,0.5062836341847458,0.026239356897759743,19
69,197.26915929052564,8.021222118934542,1.016019794676039,0.2922338479827154,8,sqrt,1500,"{'max_depth': 8, 'max_features': 'sqrt', 'n_estimators': 1500}",0.8386190485616213,0.839848268691912,0.801130023922988,0.8015486060814028,0.8195297368531982,0.8360689038015989,0.8254280095989287,0.8471909101908808,0.8285743120860319,0.8264375355320626,0.01550961862962984,18,0.49672428357497767,0.5250051265852429,0.45536493500738523,0.475271724684905,0.506872995619484,0.5137396305138573,0.5316534559693903,0.532900786200496,0.5291178163382428,0.5074056393882201,0.025635126939909207,17
70,236.63641023635864,9.624408502105672,1.2073047426011827,0.3547178728939485,8,sqrt,1800,"{'max_depth': 8, 'max_features': 'sqrt', 'n_estimators': 1800}",0.8379051283859037,0.8404666041414315,0.8013650116398134,0.8020415477393545,0.8199740092337661,0.8370076678436551,0.8268410200895442,0.8469380703068197,0.8293921894946497,0.8268812498749931,0.015394853974354318,17,0.4947956788208089,0.5284624384029242,0.4575423310410221,0.477991795237879,0.5072937241001138,0.5153951309350933,0.5324786638831966,0.5315863275965944,0.5310460351872219,0.5085102361338727,0.02533994976064934,16
71,262.8576476838854,10.79900891220673,1.341470718383789,0.39295306156622023,8,sqrt,2000,"{'max_depth': 8, 'max_features': 'sqrt', 'n_estimators': 2000}",0.8388914947345976,0.8408118258487848,0.8015277016299358,0.8015484953411772,0.8207589274159136,0.8364171176743025,0.8276616064752096,0.8471267418736785,0.8296184976506995,0.8271513787382554,0.015522736364107075,16,0.4942772338974978,0.5298563176575357,0.45685550008709536,0.47706861658789085,0.5080224720005887,0.5155286112412636,0.5347157851349593,0.5326866507504413,0.5300799198533057,0.5087879008011753,0.026034813117822606,15
72,9.734116236368815,0.39048008635883186,0.08373970455593532,0.024575175011476658,8,log2,100,"{'max_depth': 8, 'max_features': 'log2', 'n_estimators': 100}",0.7967598254654216,0.7960023213480633,0.767645862573602,0.7674304284683294,0.7838870930646179,0.7974551405162189,0.7725329220102685,0.8083314166409594,0.793351780188345,0.787044087808425,0.013974183341048557,56,0.413233181690587,0.43673495386985267,0.4016500732244816,0.4098783379482837,0.4380573208874299,0.45125534847331633,0.42064031899199233,0.45591670675943635,0.45469450608950723,0.43134008310387634,0.019450024949024557,55
73,19.40210427178277,0.7826445220210643,0.15077389611138237,0.043078996980048086,8,log2,200,"{'max_depth': 8, 'max_features': 'log2', 'n_estimators': 200}",0.8155855224105326,0.8179113869995307,0.7854376173757414,0.7832121656849483,0.80208072186959,0.8144026054792503,0.7984307879068516,0.8289434719274513,0.8086049231715223,0.8060676892028243,0.014345983317323207,46,0.4480430100204072,0.47739082360058255,0.42867427108710066,0.43134505301345516,0.4692874404430288,0.4827441080867149,0.4695301977494214,0.4921055890255617,0.4834688358665683,0.4647321476547601,0.02191450411678935,46
74,38.64645995034112,1.5284629828034821,0.2829552756415473,0.0808549413715591,8,log2,400,"{'max_depth': 8, 'max_features': 'log2', 'n_estimators': 400}",0.8285237872938963,0.8315821547362123,0.7986830193026485,0.7955608820783814,0.8136905039228345,0.8266035969822036,0.8155623570563703,0.8418477350509804,0.8208680047320194,0.8192135601283941,0.014275487490322767,40,0.47590383337938563,0.5101259212865145,0.45099013986300696,0.4569099829417396,0.4898847063095013,0.5034633893281244,0.4981684654980685,0.5190155091120304,0.5095987750419984,0.4904511914178188,0.02283431287484604,40
75,77.19236795107524,3.024833738498896,0.5463325182596842,0.1551403462545416,8,log2,800,"{'max_depth': 8, 'max_features': 'log2', 'n_estimators': 800}",0.8342570185284897,0.8369545395348321,0.8004837071765143,0.7986449235370119,0.8177449747117869,0.8294923872652232,0.8229025808853665,0.8441565590666452,0.8236593614447363,0.8231440057945119,0.014678884363873648,34,0.48837984993904254,0.516113737983387,0.45794791455994,0.4649818572335153,0.4950971785159646,0.5055466720270184,0.5160425391414765,0.5196281214552037,0.5154452263465903,0.49768701080023753,0.021800009787223937,37
76,96.38433729277716,3.8560517341379876,0.6786308818393283,0.19622454913875562,8,log2,1000,"{'max_depth': 8, 'max_features': 'log2', 'n_estimators': 1000}",0.8342378916951215,0.8374267888185691,0.8010543686544722,0.7996275215595531,0.8170179247173701,0.8294184614172178,0.8223850115293523,0.8432209406726481,0.822077677300343,0.8229407318182941,0.014334773252607435,35,0.48788477580673373,0.5171534772303727,0.4586879850864406,0.4682879649825585,0.4960185157296979,0.5059410141270523,0.5160979175710952,0.5197890068563942,0.5107642888446897,0.4978472162483372,0.020895005786209096,36
77,115.65576722886827,4.562003716495356,0.8155401547749838,0.23578201530332188,8,log2,1200,"{'max_depth': 8, 'max_features': 'log2', 'n_estimators': 1200}",0.8346704694962964,0.8367927790151513,0.8021139445145107,0.7995546914044581,0.8168054948525045,0.829653173843099,0.8228903006391985,0.8448033110270311,0.8221831451887796,0.8232741455534476,0.014415941375706691,33,0.4876495861311071,0.5171830114102216,0.4587454246273756,0.46790555694155467,0.49677756348610336,0.503602197753189,0.5210531488080521,0.5221617989373436,0.5111028922989396,0.49846457559932084,0.021704015669063357,35
78,144.48627723587884,5.76765797245056,1.0112499131096735,0.2912317284863357,8,log2,1500,"{'max_depth': 8, 'max_features': 'log2', 'n_estimators': 1500}",0.8348981381213876,0.8378364000592657,0.8028936582066666,0.7994445417933058,0.8158360640462176,0.8304303803540559,0.8235393546691531,0.8449851333709042,0.8226822128205643,0.8236162092712801,0.014558930578707385,31,0.48751057549465027,0.5188445735417757,0.45817397907449975,0.46840559771855417,0.4960689748531481,0.5066626057066502,0.5216930548577352,0.5232498215226209,0.512823458327276,0.49927029345521223,0.02233423107779768,34
79,173.53397043546042,6.897021559701516,1.2170701556735568,0.34809218146346477,8,log2,1800,"{'max_depth': 8, 'max_features': 'log2', 'n_estimators': 1800}",0.8364100475776275,0.838074721485582,0.802251382573393,0.8013169006158521,0.8166249571997269,0.8320146035672862,0.8240619299853889,0.8447877231402361,0.8231539443519874,0.82429957894412,0.014492522596943383,29,0.4915025047056006,0.5191194887655141,0.4582463136511882,0.47180541967372447,0.49954053570764,0.5113138846004498,0.5212008032684401,0.5216858427681045,0.5115600061169807,0.5006638665841825,0.021483066096737943,33
80,192.6976137161255,7.632056017857567,1.3441665172576904,0.39070910233368944,8,log2,2000,"{'max_depth': 8, 'max_features': 'log2', 'n_estimators': 2000}",0.8367906567346507,0.8381784156487762,0.8027093552976883,0.8016178556358673,0.8180347778564145,0.83252548857019,0.8234936752821329,0.8448722029462923,0.8235067738723022,0.8246365779827015,0.014374551384630625,25,0.4931136715209218,0.5188711824255782,0.45842168039465936,0.47127854788367823,0.5027689408510613,0.5105894014762771,0.5199839862928648,0.521510272538511,0.5115771149645567,0.5009016442609009,0.02125451177822341,32
